{
  "build_type": "Release",
  "compiler": "GNU 12.3.0",
  "cpu": "AMD Ryzen Threadripper PRO 7975WX 32-Cores",
  "cpu_threads": 64,
  "gpu": "NVIDIA GeForce RTX 5090",
  "schema_version": "1.0",
  "workloads": [
    {
      "cuda_kernel_only_ms": {
        "median": 5.301023960113525,
        "p10": 5.276159763336182,
        "p90": 5.321280002593994
      },
      "cuda_transfer_inclusive_ms": {
        "median": 6.156914,
        "p10": 5.860268,
        "p90": 18.919559
      },
      "estimated_peak_device_bytes": 2200480,
      "hypotheses": 128,
      "measurements": 30,
      "multicore_cpu_ms": {
        "median": 4.358479,
        "p10": 4.183064,
        "p90": 4.487643
      },
      "residual_evaluations": 10001408,
      "rows": 39068,
      "single_thread_cpu_ms": {
        "median": 88.370241,
        "p10": 85.837631,
        "p90": 89.557638
      },
      "speedup_over_multicore_cpu": 0.707899931686556,
      "warmups": 5
    }
  ]
}
