{
  "binary": "build-bridge/actionabi",
  "by_excitation": {
    "policy": {
      "actionabi_calibrated": {
        "abstention_rate": 0.9111111111111111,
        "emitted": 4,
        "equivalence_set_coverage": 0.0,
        "false_unique_certifications": 4,
        "mean_equivalence_set_size": 9.155555555555555,
        "per_field_accuracy_when_emitted": {
          "lag": 1.0,
          "permutation": 1.0,
          "scale": 0.375,
          "sign": 0.9583333333333334,
          "target": 1.0
        }
      },
      "forced_argmin": {
        "exact_contract_accuracy": 0.0,
        "per_field_accuracy": {
          "lag": 0.3111111111111111,
          "permutation": 0.7851851851851851,
          "scale": 0.2703703703703703,
          "sign": 0.8518518518518519,
          "target": 0.9333333333333333
        }
      },
      "loss_gap_truth_minus_argmin": {
        "mean": 0.5426006514487837,
        "mean_argmin_heldout_loss": 0.36593252001469484,
        "median": 0.16150795065175638
      },
      "traces": 45
    },
    "random": {
      "actionabi_calibrated": {
        "abstention_rate": 1.0,
        "emitted": 0,
        "equivalence_set_coverage": 0.044444444444444446,
        "false_unique_certifications": 0,
        "mean_equivalence_set_size": 14.422222222222222,
        "per_field_accuracy_when_emitted": {
          "lag": null,
          "permutation": null,
          "scale": null,
          "sign": null,
          "target": null
        }
      },
      "forced_argmin": {
        "exact_contract_accuracy": 0.0,
        "per_field_accuracy": {
          "lag": 0.4666666666666667,
          "permutation": 0.4666666666666667,
          "scale": 0.21851851851851853,
          "sign": 0.674074074074074,
          "target": 0.5555555555555556
        }
      },
      "loss_gap_truth_minus_argmin": {
        "mean": 0.3623981003816161,
        "mean_argmin_heldout_loss": 0.3956656943438289,
        "median": 0.3585440497069501
      },
      "traces": 45
    }
  },
  "by_lag": {
    "0": {
      "actionabi_calibrated": {
        "abstention_rate": 1.0,
        "emitted": 0,
        "equivalence_set_coverage": 0.09090909090909091,
        "false_unique_certifications": 0,
        "mean_equivalence_set_size": 12.090909090909092,
        "per_field_accuracy_when_emitted": {
          "lag": null,
          "permutation": null,
          "scale": null,
          "sign": null,
          "target": null
        }
      },
      "forced_argmin": {
        "exact_contract_accuracy": 0.0,
        "per_field_accuracy": {
          "lag": 0.7727272727272727,
          "permutation": 0.9242424242424242,
          "scale": 0.3636363636363636,
          "sign": 0.9318181818181818,
          "target": 0.6818181818181818
        }
      },
      "loss_gap_truth_minus_argmin": {
        "mean": 0.17700327114228223,
        "mean_argmin_heldout_loss": 0.38344131723011365,
        "median": 0.07543580150829383
      },
      "traces": 22
    },
    "1": {
      "actionabi_calibrated": {
        "abstention_rate": 0.9642857142857143,
        "emitted": 1,
        "equivalence_set_coverage": 0.0,
        "false_unique_certifications": 1,
        "mean_equivalence_set_size": 12.821428571428571,
        "per_field_accuracy_when_emitted": {
          "lag": 1.0,
          "permutation": 1.0,
          "scale": 0.6666666666666666,
          "sign": 1.0,
          "target": 1.0
        }
      },
      "forced_argmin": {
        "exact_contract_accuracy": 0.0,
        "per_field_accuracy": {
          "lag": 0.2857142857142857,
          "permutation": 0.5833333333333333,
          "scale": 0.19047619047619047,
          "sign": 0.7380952380952381,
          "target": 0.7142857142857143
        }
      },
      "loss_gap_truth_minus_argmin": {
        "mean": 0.3723057160237827,
        "mean_argmin_heldout_loss": 0.3885599516762572,
        "median": 0.25191030160034183
      },
      "traces": 28
    },
    "2": {
      "actionabi_calibrated": {
        "abstention_rate": 0.925,
        "emitted": 3,
        "equivalence_set_coverage": 0.0,
        "false_unique_certifications": 3,
        "mean_equivalence_set_size": 10.9,
        "per_field_accuracy_when_emitted": {
          "lag": 1.0,
          "permutation": 1.0,
          "scale": 0.27777777777777773,
          "sign": 0.9444444444444445,
          "target": 1.0
        }
      },
      "forced_argmin": {
        "exact_contract_accuracy": 0.0,
        "per_field_accuracy": {
          "lag": 0.25,
          "permutation": 0.4916666666666667,
          "scale": 0.21666666666666665,
          "sign": 0.6875,
          "target": 0.8
        }
      },
      "loss_gap_truth_minus_argmin": {
        "mean": 0.6601577954642964,
        "mean_argmin_heldout_loss": 0.3739133005033968,
        "median": 0.4938750988380274
      },
      "traces": 40
    }
  },
  "by_lag_and_excitation": {
    "lag0_policy": {
      "actionabi_calibrated": {
        "abstention_rate": 1.0,
        "emitted": 0,
        "equivalence_set_coverage": 0.0,
        "false_unique_certifications": 0,
        "mean_equivalence_set_size": 11.181818181818182,
        "per_field_accuracy_when_emitted": {
          "lag": null,
          "permutation": null,
          "scale": null,
          "sign": null,
          "target": null
        }
      },
      "forced_argmin": {
        "exact_contract_accuracy": 0.0,
        "per_field_accuracy": {
          "lag": 0.5454545454545454,
          "permutation": 0.8787878787878789,
          "scale": 0.303030303030303,
          "sign": 0.8787878787878789,
          "target": 0.9090909090909091
        }
      },
      "loss_gap_truth_minus_argmin": {
        "mean": 0.09434710040576882,
        "mean_argmin_heldout_loss": 0.4295507825185471,
        "median": 0.06928926867763778
      },
      "traces": 11
    },
    "lag0_random": {
      "actionabi_calibrated": {
        "abstention_rate": 1.0,
        "emitted": 0,
        "equivalence_set_coverage": 0.18181818181818182,
        "false_unique_certifications": 0,
        "mean_equivalence_set_size": 13.0,
        "per_field_accuracy_when_emitted": {
          "lag": null,
          "permutation": null,
          "scale": null,
          "sign": null,
          "target": null
        }
      },
      "forced_argmin": {
        "exact_contract_accuracy": 0.0,
        "per_field_accuracy": {
          "lag": 1.0,
          "permutation": 0.9696969696969696,
          "scale": 0.42424242424242425,
          "sign": 0.9848484848484849,
          "target": 0.45454545454545453
        }
      },
      "loss_gap_truth_minus_argmin": {
        "mean": 0.2596594418787957,
        "mean_argmin_heldout_loss": 0.3373318519416802,
        "median": 0.20887753584378455
      },
      "traces": 11
    },
    "lag1_policy": {
      "actionabi_calibrated": {
        "abstention_rate": 0.9285714285714286,
        "emitted": 1,
        "equivalence_set_coverage": 0.0,
        "false_unique_certifications": 1,
        "mean_equivalence_set_size": 8.785714285714286,
        "per_field_accuracy_when_emitted": {
          "lag": 1.0,
          "permutation": 1.0,
          "scale": 0.6666666666666666,
          "sign": 1.0,
          "target": 1.0
        }
      },
      "forced_argmin": {
        "exact_contract_accuracy": 0.0,
        "per_field_accuracy": {
          "lag": 0.14285714285714285,
          "permutation": 0.773809523809524,
          "scale": 0.29761904761904756,
          "sign": 0.8928571428571427,
          "target": 0.9285714285714286
        }
      },
      "loss_gap_truth_minus_argmin": {
        "mean": 0.3720839633016012,
        "mean_argmin_heldout_loss": 0.32977375668798586,
        "median": 0.1672666998189266
      },
      "traces": 14
    },
    "lag1_random": {
      "actionabi_calibrated": {
        "abstention_rate": 1.0,
        "emitted": 0,
        "equivalence_set_coverage": 0.0,
        "false_unique_certifications": 0,